id|firstname|lastname|email|email2|profession
195243462|Tina|Goerke|Tina.Goerke@yopmail.com|Tina.Goerke@gmail.com|police officer
650582047|Donetta|Faria|Donetta.Faria@yopmail.com|Donetta.Faria@gmail.com|police officer
447558167|Ilse|Brady|Ilse.Brady@yopmail.com|Ilse.Brady@gmail.com|police officer
543884955|Jasmina|Mayeda|Jasmina.Mayeda@yopmail.com|Jasmina.Mayeda@gmail.com|police officer
96748565|Oona|Gualtiero|Oona.Gualtiero@yopmail.com|Oona.Gualtiero@gmail.com|firefighter
787079483|Teriann|Oriana|Teriann.Oriana@yopmail.com|Teriann.Oriana@gmail.com|worker
262039943|Abbie|Brunell|Abbie.Brunell@yopmail.com|Abbie.Brunell@gmail.com|worker
348765599|Hyacinthe|Zamora|Hyacinthe.Zamora@yopmail.com|Hyacinthe.Zamora@gmail.com|doctor
721166049|Jaime|Erlandson|Jaime.Erlandson@yopmail.com|Jaime.Erlandson@gmail.com|police officer
522444912|Sallie|Stanwood|Sallie.Stanwood@yopmail.com|Sallie.Stanwood@gmail.com|doctor
782080771|Mary|Hollingsworth|Mary.Hollingsworth@yopmail.com|Mary.Hollingsworth@gmail.com|developer
91191013|Nessie|Allina|Nessie.Allina@yopmail.com|Nessie.Allina@gmail.com|police officer
173843895|Sarette|Fosque|Sarette.Fosque@yopmail.com|Sarette.Fosque@gmail.com|worker
78299394|Sonni|Reidar|Sonni.Reidar@yopmail.com|Sonni.Reidar@gmail.com|police officer
758766809|Nikki|Lowry|Nikki.Lowry@yopmail.com|Nikki.Lowry@gmail.com|doctor
930720025|Chandra|Hortensia|Chandra.Hortensia@yopmail.com|Chandra.Hortensia@gmail.com|worker
773035417|Adelle|Behre|Adelle.Behre@yopmail.com|Adelle.Behre@gmail.com|police officer
725037330|Corry|Muriel|Corry.Muriel@yopmail.com|Corry.Muriel@gmail.com|firefighter
82889890|Collen|Iiette|Collen.Iiette@yopmail.com|Collen.Iiette@gmail.com|firefighter
329698128|Alleen|Chesna|Alleen.Chesna@yopmail.com|Alleen.Chesna@gmail.com|developer
500470678|Ariela|Brady|Ariela.Brady@yopmail.com|Ariela.Brady@gmail.com|firefighter
138796846|Arlena|Timon|Arlena.Timon@yopmail.com|Arlena.Timon@gmail.com|worker
914292173|Fawne|Wittie|Fawne.Wittie@yopmail.com|Fawne.Wittie@gmail.com|worker
589142300|Carree|Brackely|Carree.Brackely@yopmail.com|Carree.Brackely@gmail.com|doctor
459245837|Hettie|Gabrielli|Hettie.Gabrielli@yopmail.com|Hettie.Gabrielli@gmail.com|developer
225861728|Elora|Gaulin|Elora.Gaulin@yopmail.com|Elora.Gaulin@gmail.com|firefighter
605561538|Taffy|Rosalba|Taffy.Rosalba@yopmail.com|Taffy.Rosalba@gmail.com|developer
926861285|Brooks|Sammons|Brooks.Sammons@yopmail.com|Brooks.Sammons@gmail.com|worker
991285755|Zondra|Chrystel|Zondra.Chrystel@yopmail.com|Zondra.Chrystel@gmail.com|firefighter
675461164|Glenda|Travax|Glenda.Travax@yopmail.com|Glenda.Travax@gmail.com|firefighter
914881653|Kylynn|Alfons|Kylynn.Alfons@yopmail.com|Kylynn.Alfons@gmail.com|worker
613042969|Belva|Mullane|Belva.Mullane@yopmail.com|Belva.Mullane@gmail.com|doctor
614719885|Kelly|Bethany|Kelly.Bethany@yopmail.com|Kelly.Bethany@gmail.com|developer
220930909|Marleah|Forrer|Marleah.Forrer@yopmail.com|Marleah.Forrer@gmail.com|developer
176869465|Trudie|Helfand|Trudie.Helfand@yopmail.com|Trudie.Helfand@gmail.com|firefighter
814153939|Carlie|Hourigan|Carlie.Hourigan@yopmail.com|Carlie.Hourigan@gmail.com|firefighter
115101933|Max|Cleavland|Max.Cleavland@yopmail.com|Max.Cleavland@gmail.com|developer
596416053|Minda|Abram|Minda.Abram@yopmail.com|Minda.Abram@gmail.com|police officer
424785041|Alleen|Schwejda|Alleen.Schwejda@yopmail.com|Alleen.Schwejda@gmail.com|developer
229300149|Eve|Deny|Eve.Deny@yopmail.com|Eve.Deny@gmail.com|worker
777691055|Shaylyn|Noam|Shaylyn.Noam@yopmail.com|Shaylyn.Noam@gmail.com|firefighter
419786370|Ebonee|Revkah|Ebonee.Revkah@yopmail.com|Ebonee.Revkah@gmail.com|developer
433062491|Larine|Ader|Larine.Ader@yopmail.com|Larine.Ader@gmail.com|developer
529745977|Rosene|Callista|Rosene.Callista@yopmail.com|Rosene.Callista@gmail.com|doctor
966904269|Ann-Marie|Pond|Ann-Marie.Pond@yopmail.com|Ann-Marie.Pond@gmail.com|police officer
174779034|Yolane|Toor|Yolane.Toor@yopmail.com|Yolane.Toor@gmail.com|firefighter
299800367|Deedee|Kenney|Deedee.Kenney@yopmail.com|Deedee.Kenney@gmail.com|firefighter
292222536|Raquela|Tomasina|Raquela.Tomasina@yopmail.com|Raquela.Tomasina@gmail.com|police officer
780392060|Ann-Marie|Anderea|Ann-Marie.Anderea@yopmail.com|Ann-Marie.Anderea@gmail.com|developer
160008409|Arlina|Azeria|Arlina.Azeria@yopmail.com|Arlina.Azeria@gmail.com|firefighter
551571599|Ernesta|Dyche|Ernesta.Dyche@yopmail.com|Ernesta.Dyche@gmail.com|developer
9648280|Binny|Cressida|Binny.Cressida@yopmail.com|Binny.Cressida@gmail.com|police officer
212209501|Sadie|Buckler|Sadie.Buckler@yopmail.com|Sadie.Buckler@gmail.com|worker
783786215|Nicoli|Decato|Nicoli.Decato@yopmail.com|Nicoli.Decato@gmail.com|worker
405894873|Mignon|Nerita|Mignon.Nerita@yopmail.com|Mignon.Nerita@gmail.com|developer
358164326|Beatriz|Dalli|Beatriz.Dalli@yopmail.com|Beatriz.Dalli@gmail.com|doctor
985234372|Ebonee|Tamsky|Ebonee.Tamsky@yopmail.com|Ebonee.Tamsky@gmail.com|firefighter
721883988|Shel|Fax|Shel.Fax@yopmail.com|Shel.Fax@gmail.com|police officer
455955436|Kenna|Byrne|Kenna.Byrne@yopmail.com|Kenna.Byrne@gmail.com|firefighter
444378873|Kary|Baptlsta|Kary.Baptlsta@yopmail.com|Kary.Baptlsta@gmail.com|worker
679409514|Cyndie|Hortensia|Cyndie.Hortensia@yopmail.com|Cyndie.Hortensia@gmail.com|firefighter
396220617|Dulcinea|Lewes|Dulcinea.Lewes@yopmail.com|Dulcinea.Lewes@gmail.com|firefighter
950096600|Elfreda|Kendrick|Elfreda.Kendrick@yopmail.com|Elfreda.Kendrick@gmail.com|firefighter
831655521|Flory|Truc|Flory.Truc@yopmail.com|Flory.Truc@gmail.com|developer
868747936|Lorenza|Colleen|Lorenza.Colleen@yopmail.com|Lorenza.Colleen@gmail.com|developer
454451169|Wynne|Raffo|Wynne.Raffo@yopmail.com|Wynne.Raffo@gmail.com|police officer
276788797|Tarra|Moseley|Tarra.Moseley@yopmail.com|Tarra.Moseley@gmail.com|developer
694052907|Nita|Zetta|Nita.Zetta@yopmail.com|Nita.Zetta@gmail.com|developer
396452481|Violet|Sibyls|Violet.Sibyls@yopmail.com|Violet.Sibyls@gmail.com|developer
867697465|Mathilda|Gibbeon|Mathilda.Gibbeon@yopmail.com|Mathilda.Gibbeon@gmail.com|police officer
856381163|Norine|Willie|Norine.Willie@yopmail.com|Norine.Willie@gmail.com|firefighter
608892190|Perry|Montgomery|Perry.Montgomery@yopmail.com|Perry.Montgomery@gmail.com|police officer
802563812|Gianina|Lytton|Gianina.Lytton@yopmail.com|Gianina.Lytton@gmail.com|police officer
737256097|Jolyn|Truc|Jolyn.Truc@yopmail.com|Jolyn.Truc@gmail.com|developer
508527243|Shel|Briney|Shel.Briney@yopmail.com|Shel.Briney@gmail.com|developer
744517597|Calla|Fancie|Calla.Fancie@yopmail.com|Calla.Fancie@gmail.com|police officer
991972514|Ekaterina|Corabella|Ekaterina.Corabella@yopmail.com|Ekaterina.Corabella@gmail.com|worker
914881514|Nadine|Sadowski|Nadine.Sadowski@yopmail.com|Nadine.Sadowski@gmail.com|developer
371174014|Kristina|Ariella|Kristina.Ariella@yopmail.com|Kristina.Ariella@gmail.com|police officer
560358630|Kirbee|Darbie|Kirbee.Darbie@yopmail.com|Kirbee.Darbie@gmail.com|developer
991152302|Albertina|Donell|Albertina.Donell@yopmail.com|Albertina.Donell@gmail.com|worker
858478114|Jenilee|Guthrie|Jenilee.Guthrie@yopmail.com|Jenilee.Guthrie@gmail.com|doctor
3073866|Carmela|Glovsky|Carmela.Glovsky@yopmail.com|Carmela.Glovsky@gmail.com|doctor
168758310|Mellicent|Federica|Mellicent.Federica@yopmail.com|Mellicent.Federica@gmail.com|developer
989347488|Larine|Greenwald|Larine.Greenwald@yopmail.com|Larine.Greenwald@gmail.com|doctor
182194391|Dale|Mozelle|Dale.Mozelle@yopmail.com|Dale.Mozelle@gmail.com|doctor
223609413|Mamie|Dearborn|Mamie.Dearborn@yopmail.com|Mamie.Dearborn@gmail.com|doctor
467661551|Malina|Durante|Malina.Durante@yopmail.com|Malina.Durante@gmail.com|police officer
480773615|Rhea|Taima|Rhea.Taima@yopmail.com|Rhea.Taima@gmail.com|doctor
994980341|Doralynne|Ezar|Doralynne.Ezar@yopmail.com|Doralynne.Ezar@gmail.com|firefighter
389409022|Lucille|Pond|Lucille.Pond@yopmail.com|Lucille.Pond@gmail.com|police officer
722608841|Calla|Forrer|Calla.Forrer@yopmail.com|Calla.Forrer@gmail.com|doctor
319208882|Dede|Loeb|Dede.Loeb@yopmail.com|Dede.Loeb@gmail.com|firefighter
996839179|Dode|Reidar|Dode.Reidar@yopmail.com|Dode.Reidar@gmail.com|developer
596431798|Ardeen|Phaidra|Ardeen.Phaidra@yopmail.com|Ardeen.Phaidra@gmail.com|developer
309758550|Ilse|Leary|Ilse.Leary@yopmail.com|Ilse.Leary@gmail.com|doctor
464130279|Heddie|McClimans|Heddie.McClimans@yopmail.com|Heddie.McClimans@gmail.com|worker
15342620|Trudie|Egbert|Trudie.Egbert@yopmail.com|Trudie.Egbert@gmail.com|doctor
764297209|Deloria|Reneta|Deloria.Reneta@yopmail.com|Deloria.Reneta@gmail.com|doctor
487570244|Tami|Tomasina|Tami.Tomasina@yopmail.com|Tami.Tomasina@gmail.com|firefighter