id|firstname|lastname|email|email2|profession
228046497|Emylee|Suk|Emylee.Suk@yopmail.com|Emylee.Suk@gmail.com|firefighter
105995346|Corry|Even|Corry.Even@yopmail.com|Corry.Even@gmail.com|doctor
808115087|Katleen|Bakerman|Katleen.Bakerman@yopmail.com|Katleen.Bakerman@gmail.com|worker
914334225|Eolanda|Lowry|Eolanda.Lowry@yopmail.com|Eolanda.Lowry@gmail.com|firefighter
531298821|Mariele|Vastah|Mariele.Vastah@yopmail.com|Mariele.Vastah@gmail.com|police officer
708133398|Blondelle|Sawtelle|Blondelle.Sawtelle@yopmail.com|Blondelle.Sawtelle@gmail.com|developer
723392675|Merry|Morrill|Merry.Morrill@yopmail.com|Merry.Morrill@gmail.com|firefighter
30171064|Alleen|Sharl|Alleen.Sharl@yopmail.com|Alleen.Sharl@gmail.com|worker
351628798|Sean|Vacuva|Sean.Vacuva@yopmail.com|Sean.Vacuva@gmail.com|firefighter
330021478|Maye|Lymann|Maye.Lymann@yopmail.com|Maye.Lymann@gmail.com|developer
99783345|Gretal|Sparhawk|Gretal.Sparhawk@yopmail.com|Gretal.Sparhawk@gmail.com|doctor
537314454|Cathyleen|Ulphia|Cathyleen.Ulphia@yopmail.com|Cathyleen.Ulphia@gmail.com|developer
978201005|Karolina|Callista|Karolina.Callista@yopmail.com|Karolina.Callista@gmail.com|worker
678419367|Catrina|Lowry|Catrina.Lowry@yopmail.com|Catrina.Lowry@gmail.com|doctor
653108009|Maryellen|Elvyn|Maryellen.Elvyn@yopmail.com|Maryellen.Elvyn@gmail.com|developer
943115155|Oralee|Jary|Oralee.Jary@yopmail.com|Oralee.Jary@gmail.com|developer
447074994|Sam|Mintz|Sam.Mintz@yopmail.com|Sam.Mintz@gmail.com|worker
937368986|Kaja|Rhu|Kaja.Rhu@yopmail.com|Kaja.Rhu@gmail.com|worker
266937756|Silvana|Telfer|Silvana.Telfer@yopmail.com|Silvana.Telfer@gmail.com|developer
619024359|Brena|Pulsifer|Brena.Pulsifer@yopmail.com|Brena.Pulsifer@gmail.com|worker
52113700|Carlie|Simmonds|Carlie.Simmonds@yopmail.com|Carlie.Simmonds@gmail.com|police officer
795308493|Tonia|Bach|Tonia.Bach@yopmail.com|Tonia.Bach@gmail.com|firefighter
320241472|Carly|Francyne|Carly.Francyne@yopmail.com|Carly.Francyne@gmail.com|developer
819053110|Michaelina|Pyle|Michaelina.Pyle@yopmail.com|Michaelina.Pyle@gmail.com|worker
290549788|Paola|Faria|Paola.Faria@yopmail.com|Paola.Faria@gmail.com|developer
475385761|Andree|Dominy|Andree.Dominy@yopmail.com|Andree.Dominy@gmail.com|doctor
24920373|Merry|Jary|Merry.Jary@yopmail.com|Merry.Jary@gmail.com|firefighter
456481404|Leia|Gherardo|Leia.Gherardo@yopmail.com|Leia.Gherardo@gmail.com|firefighter
838870538|Kamilah|Eugenia|Kamilah.Eugenia@yopmail.com|Kamilah.Eugenia@gmail.com|police officer
400331388|Natka|Michella|Natka.Michella@yopmail.com|Natka.Michella@gmail.com|developer
943282666|Arlena|Even|Arlena.Even@yopmail.com|Arlena.Even@gmail.com|police officer
498962525|Meriel|Ardra|Meriel.Ardra@yopmail.com|Meriel.Ardra@gmail.com|firefighter
932588505|Hyacinthe|Moina|Hyacinthe.Moina@yopmail.com|Hyacinthe.Moina@gmail.com|police officer
559090531|Sharlene|Janene|Sharlene.Janene@yopmail.com|Sharlene.Janene@gmail.com|police officer
66793099|Gui|Goode|Gui.Goode@yopmail.com|Gui.Goode@gmail.com|developer
608161696|Arlina|Schroth|Arlina.Schroth@yopmail.com|Arlina.Schroth@gmail.com|firefighter
127355649|Berta|Olnee|Berta.Olnee@yopmail.com|Berta.Olnee@gmail.com|worker
928621760|Lynea|Fax|Lynea.Fax@yopmail.com|Lynea.Fax@gmail.com|doctor
976927960|Alleen|Ammann|Alleen.Ammann@yopmail.com|Alleen.Ammann@gmail.com|developer
385400377|Siana|Kauppi|Siana.Kauppi@yopmail.com|Siana.Kauppi@gmail.com|doctor
684194066|Marline|McLaughlin|Marline.McLaughlin@yopmail.com|Marline.McLaughlin@gmail.com|doctor
474731308|Thalia|Bow|Thalia.Bow@yopmail.com|Thalia.Bow@gmail.com|police officer
628163923|Dorice|Rogerio|Dorice.Rogerio@yopmail.com|Dorice.Rogerio@gmail.com|police officer
697373059|Binny|Masao|Binny.Masao@yopmail.com|Binny.Masao@gmail.com|firefighter
902867797|Tracey|Alrich|Tracey.Alrich@yopmail.com|Tracey.Alrich@gmail.com|worker
411977015|Lelah|Noam|Lelah.Noam@yopmail.com|Lelah.Noam@gmail.com|police officer
668153434|Halette|Roscoe|Halette.Roscoe@yopmail.com|Halette.Roscoe@gmail.com|firefighter
749177092|Rosaline|Arathorn|Rosaline.Arathorn@yopmail.com|Rosaline.Arathorn@gmail.com|police officer
734751342|Ida|Greyson|Ida.Greyson@yopmail.com|Ida.Greyson@gmail.com|developer
532178073|Maud|Sibyls|Maud.Sibyls@yopmail.com|Maud.Sibyls@gmail.com|firefighter
483711457|Heddie|Henebry|Heddie.Henebry@yopmail.com|Heddie.Henebry@gmail.com|police officer
406643438|Demetris|Bobbee|Demetris.Bobbee@yopmail.com|Demetris.Bobbee@gmail.com|worker
260712861|Ulrike|Lutero|Ulrike.Lutero@yopmail.com|Ulrike.Lutero@gmail.com|police officer
813353122|Roz|Tillford|Roz.Tillford@yopmail.com|Roz.Tillford@gmail.com|developer
832245090|Bee|Fiester|Bee.Fiester@yopmail.com|Bee.Fiester@gmail.com|worker
442946739|Tabbatha|Fontana|Tabbatha.Fontana@yopmail.com|Tabbatha.Fontana@gmail.com|worker
364966708|Albertina|Sundin|Albertina.Sundin@yopmail.com|Albertina.Sundin@gmail.com|developer
406451263|Elsie|Lory|Elsie.Lory@yopmail.com|Elsie.Lory@gmail.com|worker
646815965|Cindelyn|Saree|Cindelyn.Saree@yopmail.com|Cindelyn.Saree@gmail.com|developer
395241675|Dale|Gusella|Dale.Gusella@yopmail.com|Dale.Gusella@gmail.com|worker
892951269|Gusella|Jeanne|Gusella.Jeanne@yopmail.com|Gusella.Jeanne@gmail.com|firefighter
81689705|Kathi|Lamoree|Kathi.Lamoree@yopmail.com|Kathi.Lamoree@gmail.com|developer
890287722|Eve|Elo|Eve.Elo@yopmail.com|Eve.Elo@gmail.com|doctor
998622130|Carmela|Sheng|Carmela.Sheng@yopmail.com|Carmela.Sheng@gmail.com|doctor
692737162|Agathe|Rosalba|Agathe.Rosalba@yopmail.com|Agathe.Rosalba@gmail.com|doctor
554807237|Melodie|Johnsson|Melodie.Johnsson@yopmail.com|Melodie.Johnsson@gmail.com|firefighter
316723985|Brynna|McAdams|Brynna.McAdams@yopmail.com|Brynna.McAdams@gmail.com|police officer
231606455|Angelique|Armanda|Angelique.Armanda@yopmail.com|Angelique.Armanda@gmail.com|firefighter
476055397|Marcy|Georgy|Marcy.Georgy@yopmail.com|Marcy.Georgy@gmail.com|doctor
622615572|Gertrud|Publia|Gertrud.Publia@yopmail.com|Gertrud.Publia@gmail.com|developer
589728444|Dawn|Croix|Dawn.Croix@yopmail.com|Dawn.Croix@gmail.com|developer
597258253|Vivia|Quinn|Vivia.Quinn@yopmail.com|Vivia.Quinn@gmail.com|worker
954044217|Katleen|Gino|Katleen.Gino@yopmail.com|Katleen.Gino@gmail.com|firefighter
951216608|Teddie|Jammal|Teddie.Jammal@yopmail.com|Teddie.Jammal@gmail.com|doctor
522365085|Eugine|Gaynor|Eugine.Gaynor@yopmail.com|Eugine.Gaynor@gmail.com|police officer
144829185|Arlina|Ricarda|Arlina.Ricarda@yopmail.com|Arlina.Ricarda@gmail.com|firefighter
663304317|Cherilyn|Eachern|Cherilyn.Eachern@yopmail.com|Cherilyn.Eachern@gmail.com|police officer
346471488|Yvonne|Nerita|Yvonne.Nerita@yopmail.com|Yvonne.Nerita@gmail.com|doctor
792522118|Consuela|Adamsen|Consuela.Adamsen@yopmail.com|Consuela.Adamsen@gmail.com|police officer
268819272|Molli|Pauly|Molli.Pauly@yopmail.com|Molli.Pauly@gmail.com|worker
831577175|Alyssa|Meter|Alyssa.Meter@yopmail.com|Alyssa.Meter@gmail.com|developer
712530732|Kittie|Johnsson|Kittie.Johnsson@yopmail.com|Kittie.Johnsson@gmail.com|developer
313446497|Orsola|Melony|Orsola.Melony@yopmail.com|Orsola.Melony@gmail.com|worker
528639615|Cacilie|Yuille|Cacilie.Yuille@yopmail.com|Cacilie.Yuille@gmail.com|doctor
238628246|Coral|O\'Rourke|Coral.O\'Rourke@yopmail.com|Coral.O\'Rourke@gmail.com|developer
78999928|Cyb|Waldron|Cyb.Waldron@yopmail.com|Cyb.Waldron@gmail.com|doctor
301591955|Johna|Bartlett|Johna.Bartlett@yopmail.com|Johna.Bartlett@gmail.com|doctor
243498814|Roberta|Docilla|Roberta.Docilla@yopmail.com|Roberta.Docilla@gmail.com|developer
929225589|Gilligan|Nikaniki|Gilligan.Nikaniki@yopmail.com|Gilligan.Nikaniki@gmail.com|worker
350887578|Tamqrah|Nisbet|Tamqrah.Nisbet@yopmail.com|Tamqrah.Nisbet@gmail.com|worker
596521371|Ruthe|Westphal|Ruthe.Westphal@yopmail.com|Ruthe.Westphal@gmail.com|firefighter
302750922|Ada|Ursulette|Ada.Ursulette@yopmail.com|Ada.Ursulette@gmail.com|police officer
171714490|Loree|Donoghue|Loree.Donoghue@yopmail.com|Loree.Donoghue@gmail.com|worker
71985903|Konstance|Darrell|Konstance.Darrell@yopmail.com|Konstance.Darrell@gmail.com|police officer
269955894|Demetris|Hedve|Demetris.Hedve@yopmail.com|Demetris.Hedve@gmail.com|police officer
186676503|Zia|Teryn|Zia.Teryn@yopmail.com|Zia.Teryn@gmail.com|police officer
44507125|Phylis|Melan|Phylis.Melan@yopmail.com|Phylis.Melan@gmail.com|firefighter
467179692|Joceline|Roche|Joceline.Roche@yopmail.com|Joceline.Roche@gmail.com|police officer
587760454|Sidoney|Stefa|Sidoney.Stefa@yopmail.com|Sidoney.Stefa@gmail.com|firefighter
404919600|Roz|Carey|Roz.Carey@yopmail.com|Roz.Carey@gmail.com|police officer