id,firstname,lastname,email,email2,profession
459613682,Oralee,Sawtelle,Oralee.Sawtelle@yopmail.com,Oralee.Sawtelle@gmail.com,doctor
408999402,Korrie,Bevin,Korrie.Bevin@yopmail.com,Korrie.Bevin@gmail.com,developer
338289334,Arabel,Odysseus,Arabel.Odysseus@yopmail.com,Arabel.Odysseus@gmail.com,doctor
340084550,Phylis,McNully,Phylis.McNully@yopmail.com,Phylis.McNully@gmail.com,police officer
427586152,Ada,Khorma,Ada.Khorma@yopmail.com,Ada.Khorma@gmail.com,worker
511999086,Marcelline,Braun,Marcelline.Braun@yopmail.com,Marcelline.Braun@gmail.com,doctor
773119195,Nonnah,Eckblad,Nonnah.Eckblad@yopmail.com,Nonnah.Eckblad@gmail.com,doctor
259251000,Mureil,Boycey,Mureil.Boycey@yopmail.com,Mureil.Boycey@gmail.com,police officer
336818463,Hayley,Hedve,Hayley.Hedve@yopmail.com,Hayley.Hedve@gmail.com,firefighter
219472988,Fredericka,Riordan,Fredericka.Riordan@yopmail.com,Fredericka.Riordan@gmail.com,police officer
436200728,Anthia,Auberbach,Anthia.Auberbach@yopmail.com,Anthia.Auberbach@gmail.com,developer
857182160,Chere,Destinee,Chere.Destinee@yopmail.com,Chere.Destinee@gmail.com,developer
663564490,Susan,Rossner,Susan.Rossner@yopmail.com,Susan.Rossner@gmail.com,developer
610856492,Elie,Gamaliel,Elie.Gamaliel@yopmail.com,Elie.Gamaliel@gmail.com,police officer
793840863,Aigneis,Rubie,Aigneis.Rubie@yopmail.com,Aigneis.Rubie@gmail.com,police officer
258703211,Hannis,Morrill,Hannis.Morrill@yopmail.com,Hannis.Morrill@gmail.com,worker
570806343,Edith,Leler,Edith.Leler@yopmail.com,Edith.Leler@gmail.com,doctor
740191594,Leanna,Ietta,Leanna.Ietta@yopmail.com,Leanna.Ietta@gmail.com,doctor
790100664,Kaia,Ball,Kaia.Ball@yopmail.com,Kaia.Ball@gmail.com,developer
524340325,Sean,Radu,Sean.Radu@yopmail.com,Sean.Radu@gmail.com,doctor
479343022,Misha,Wooster,Misha.Wooster@yopmail.com,Misha.Wooster@gmail.com,worker
136646684,Tina,Glovsky,Tina.Glovsky@yopmail.com,Tina.Glovsky@gmail.com,firefighter
541818775,Henriette,Adore,Henriette.Adore@yopmail.com,Henriette.Adore@gmail.com,worker
126676788,Ann-Marie,Burnside,Ann-Marie.Burnside@yopmail.com,Ann-Marie.Burnside@gmail.com,police officer
235066099,Barbi,Darian,Barbi.Darian@yopmail.com,Barbi.Darian@gmail.com,developer
571162261,Teddie,Yerkovich,Teddie.Yerkovich@yopmail.com,Teddie.Yerkovich@gmail.com,firefighter
557298794,Corina,Tayib,Corina.Tayib@yopmail.com,Corina.Tayib@gmail.com,police officer
485672948,Candy,Lane,Candy.Lane@yopmail.com,Candy.Lane@gmail.com,doctor
274721601,Deedee,Cressida,Deedee.Cressida@yopmail.com,Deedee.Cressida@gmail.com,police officer
49374868,Kaia,Naashom,Kaia.Naashom@yopmail.com,Kaia.Naashom@gmail.com,firefighter
683755938,Melina,Denis,Melina.Denis@yopmail.com,Melina.Denis@gmail.com,worker
161498635,Celisse,Olympium,Celisse.Olympium@yopmail.com,Celisse.Olympium@gmail.com,developer
88517239,Maye,Yoko,Maye.Yoko@yopmail.com,Maye.Yoko@gmail.com,police officer
498262016,Vevay,Linskey,Vevay.Linskey@yopmail.com,Vevay.Linskey@gmail.com,doctor
538661738,Nadine,Jehu,Nadine.Jehu@yopmail.com,Nadine.Jehu@gmail.com,doctor
827983101,Siana,Naashom,Siana.Naashom@yopmail.com,Siana.Naashom@gmail.com,police officer
566251517,Dominga,Tyson,Dominga.Tyson@yopmail.com,Dominga.Tyson@gmail.com,developer
528496695,Phedra,Hillel,Phedra.Hillel@yopmail.com,Phedra.Hillel@gmail.com,firefighter
815609236,Chastity,Stuart,Chastity.Stuart@yopmail.com,Chastity.Stuart@gmail.com,worker
564364536,Mahalia,Lymann,Mahalia.Lymann@yopmail.com,Mahalia.Lymann@gmail.com,developer
904343439,Valera,Quent,Valera.Quent@yopmail.com,Valera.Quent@gmail.com,doctor
521381191,Consuela,Freddi,Consuela.Freddi@yopmail.com,Consuela.Freddi@gmail.com,firefighter
50016666,Elka,Olnee,Elka.Olnee@yopmail.com,Elka.Olnee@gmail.com,police officer
570524484,Aryn,Fitzsimmons,Aryn.Fitzsimmons@yopmail.com,Aryn.Fitzsimmons@gmail.com,worker
261735526,Jany,McClimans,Jany.McClimans@yopmail.com,Jany.McClimans@gmail.com,doctor
468157384,Evaleen,Michella,Evaleen.Michella@yopmail.com,Evaleen.Michella@gmail.com,worker
204309504,Kathy,Rocray,Kathy.Rocray@yopmail.com,Kathy.Rocray@gmail.com,developer
87973730,Angelique,MacIntosh,Angelique.MacIntosh@yopmail.com,Angelique.MacIntosh@gmail.com,doctor
491191385,Drucie,Remmer,Drucie.Remmer@yopmail.com,Drucie.Remmer@gmail.com,developer
532282318,Tybie,Moseley,Tybie.Moseley@yopmail.com,Tybie.Moseley@gmail.com,worker
219923157,Darlleen,Eliathas,Darlleen.Eliathas@yopmail.com,Darlleen.Eliathas@gmail.com,doctor
290014402,Theodora,Doig,Theodora.Doig@yopmail.com,Theodora.Doig@gmail.com,worker
843237077,Nannie,Leifeste,Nannie.Leifeste@yopmail.com,Nannie.Leifeste@gmail.com,developer
104923297,Mignon,Freddi,Mignon.Freddi@yopmail.com,Mignon.Freddi@gmail.com,firefighter
958901622,Steffane,Candy,Steffane.Candy@yopmail.com,Steffane.Candy@gmail.com,worker
470132825,Myrtice,Rad,Myrtice.Rad@yopmail.com,Myrtice.Rad@gmail.com,firefighter
108903492,Dolli,Yerkovich,Dolli.Yerkovich@yopmail.com,Dolli.Yerkovich@gmail.com,doctor
570981552,Elyssa,Bibi,Elyssa.Bibi@yopmail.com,Elyssa.Bibi@gmail.com,doctor
237384440,Angelique,Marijo,Angelique.Marijo@yopmail.com,Angelique.Marijo@gmail.com,doctor
500263957,Amii,Radu,Amii.Radu@yopmail.com,Amii.Radu@gmail.com,doctor
847343831,Rhea,Cadmar,Rhea.Cadmar@yopmail.com,Rhea.Cadmar@gmail.com,firefighter
817923599,Elyssa,Jacobah,Elyssa.Jacobah@yopmail.com,Elyssa.Jacobah@gmail.com,police officer
53640986,Betta,Jeanne,Betta.Jeanne@yopmail.com,Betta.Jeanne@gmail.com,worker
353119560,Frieda,Fry,Frieda.Fry@yopmail.com,Frieda.Fry@gmail.com,police officer
595417103,Rosene,Phi,Rosene.Phi@yopmail.com,Rosene.Phi@gmail.com,firefighter
276662303,Helena,Sheedy,Helena.Sheedy@yopmail.com,Helena.Sheedy@gmail.com,worker
124548845,Carly,Israeli,Carly.Israeli@yopmail.com,Carly.Israeli@gmail.com,doctor
631390432,Shaylyn,Magdalen,Shaylyn.Magdalen@yopmail.com,Shaylyn.Magdalen@gmail.com,police officer
418549388,Hope,Hertzfeld,Hope.Hertzfeld@yopmail.com,Hope.Hertzfeld@gmail.com,firefighter
801842190,Allis,Roscoe,Allis.Roscoe@yopmail.com,Allis.Roscoe@gmail.com,firefighter
673248410,Suzette,Israeli,Suzette.Israeli@yopmail.com,Suzette.Israeli@gmail.com,worker
848036298,Caritta,Sisile,Caritta.Sisile@yopmail.com,Caritta.Sisile@gmail.com,developer
906263091,Carlie,Chauncey,Carlie.Chauncey@yopmail.com,Carlie.Chauncey@gmail.com,developer
811988007,Perry,Eiser,Perry.Eiser@yopmail.com,Perry.Eiser@gmail.com,firefighter
899634382,Shannah,Iaverne,Shannah.Iaverne@yopmail.com,Shannah.Iaverne@gmail.com,worker
813338565,Blinni,Lory,Blinni.Lory@yopmail.com,Blinni.Lory@gmail.com,firefighter
480888905,Eugine,Damarra,Eugine.Damarra@yopmail.com,Eugine.Damarra@gmail.com,developer
899182922,Belva,Cloris,Belva.Cloris@yopmail.com,Belva.Cloris@gmail.com,developer
906025318,Valera,Miru,Valera.Miru@yopmail.com,Valera.Miru@gmail.com,doctor
701661240,Fayre,Anton,Fayre.Anton@yopmail.com,Fayre.Anton@gmail.com,firefighter
16636675,Bobbi,Podvin,Bobbi.Podvin@yopmail.com,Bobbi.Podvin@gmail.com,firefighter
136066660,Maisey,Ephrem,Maisey.Ephrem@yopmail.com,Maisey.Ephrem@gmail.com,doctor
501888502,Taffy,Cookie,Taffy.Cookie@yopmail.com,Taffy.Cookie@gmail.com,worker
62806785,Mireielle,Gilmour,Mireielle.Gilmour@yopmail.com,Mireielle.Gilmour@gmail.com,doctor
737338163,Britni,Ailyn,Britni.Ailyn@yopmail.com,Britni.Ailyn@gmail.com,firefighter
47412448,Albertina,Jenness,Albertina.Jenness@yopmail.com,Albertina.Jenness@gmail.com,firefighter
681770488,Kaja,Ax,Kaja.Ax@yopmail.com,Kaja.Ax@gmail.com,firefighter
286786333,Jerry,Ortrude,Jerry.Ortrude@yopmail.com,Jerry.Ortrude@gmail.com,police officer
483664574,Augustine,Daegal,Augustine.Daegal@yopmail.com,Augustine.Daegal@gmail.com,worker
501687295,Kathy,Huggins,Kathy.Huggins@yopmail.com,Kathy.Huggins@gmail.com,worker
221457192,Trixi,Grosz,Trixi.Grosz@yopmail.com,Trixi.Grosz@gmail.com,police officer
38197666,Amii,Esmaria,Amii.Esmaria@yopmail.com,Amii.Esmaria@gmail.com,police officer
774453502,Wynne,Maxi,Wynne.Maxi@yopmail.com,Wynne.Maxi@gmail.com,doctor
281987905,Emylee,Janith,Emylee.Janith@yopmail.com,Emylee.Janith@gmail.com,worker
110055310,Priscilla,Goth,Priscilla.Goth@yopmail.com,Priscilla.Goth@gmail.com,police officer
917427605,Kittie,Boehike,Kittie.Boehike@yopmail.com,Kittie.Boehike@gmail.com,doctor
690790490,Aaren,Lane,Aaren.Lane@yopmail.com,Aaren.Lane@gmail.com,worker
9001271,Janis,Tjon,Janis.Tjon@yopmail.com,Janis.Tjon@gmail.com,doctor
853414437,Wendi,Mike,Wendi.Mike@yopmail.com,Wendi.Mike@gmail.com,police officer
480307906,Briney,Gavrila,Briney.Gavrila@yopmail.com,Briney.Gavrila@gmail.com,developer