id,firstname,lastname,email,email2,profession
700985446,Kary,Hutchison,Kary.Hutchison@yopmail.com,Kary.Hutchison@gmail.com,police officer
997833330,Cacilie,Neva,Cacilie.Neva@yopmail.com,Cacilie.Neva@gmail.com,police officer
906022084,Gertrud,Huggins,Gertrud.Huggins@yopmail.com,Gertrud.Huggins@gmail.com,worker
846032747,Cecile,Gale,Cecile.Gale@yopmail.com,Cecile.Gale@gmail.com,doctor
676930767,Konstance,Seumas,Konstance.Seumas@yopmail.com,Konstance.Seumas@gmail.com,firefighter
253533946,Alia,Jefferey,Alia.Jefferey@yopmail.com,Alia.Jefferey@gmail.com,developer
27623957,Kirstin,Duwalt,Kirstin.Duwalt@yopmail.com,Kirstin.Duwalt@gmail.com,doctor
911755860,Dulce,Joachim,Dulce.Joachim@yopmail.com,Dulce.Joachim@gmail.com,doctor
39787332,Chastity,Holtz,Chastity.Holtz@yopmail.com,Chastity.Holtz@gmail.com,developer
54009743,Viviene,Stuart,Viviene.Stuart@yopmail.com,Viviene.Stuart@gmail.com,developer
379161769,Barbara,Edison,Barbara.Edison@yopmail.com,Barbara.Edison@gmail.com,worker
890114096,Mellicent,Yusuk,Mellicent.Yusuk@yopmail.com,Mellicent.Yusuk@gmail.com,firefighter
904189044,Cathyleen,Sothena,Cathyleen.Sothena@yopmail.com,Cathyleen.Sothena@gmail.com,developer
847450725,Christian,Lory,Christian.Lory@yopmail.com,Christian.Lory@gmail.com,worker
999391411,Sibella,Lucienne,Sibella.Lucienne@yopmail.com,Sibella.Lucienne@gmail.com,firefighter
335377491,Loree,Gaal,Loree.Gaal@yopmail.com,Loree.Gaal@gmail.com,developer
758640919,Phedra,Hazlett,Phedra.Hazlett@yopmail.com,Phedra.Hazlett@gmail.com,doctor
672452191,Dania,Kazimir,Dania.Kazimir@yopmail.com,Dania.Kazimir@gmail.com,developer
389948597,Julieta,Kare,Julieta.Kare@yopmail.com,Julieta.Kare@gmail.com,firefighter
848467807,Theodora,Suzetta,Theodora.Suzetta@yopmail.com,Theodora.Suzetta@gmail.com,worker
563480362,Ebonee,Loleta,Ebonee.Loleta@yopmail.com,Ebonee.Loleta@gmail.com,doctor
804455577,Sindee,Abram,Sindee.Abram@yopmail.com,Sindee.Abram@gmail.com,worker
238306954,Viviene,Soneson,Viviene.Soneson@yopmail.com,Viviene.Soneson@gmail.com,worker
970712126,Queenie,Roscoe,Queenie.Roscoe@yopmail.com,Queenie.Roscoe@gmail.com,developer
204045542,Regina,Durware,Regina.Durware@yopmail.com,Regina.Durware@gmail.com,firefighter
924708347,Elie,Wooster,Elie.Wooster@yopmail.com,Elie.Wooster@gmail.com,doctor
467956504,Jaime,Bearnard,Jaime.Bearnard@yopmail.com,Jaime.Bearnard@gmail.com,worker
872658016,Petronia,Pandolfi,Petronia.Pandolfi@yopmail.com,Petronia.Pandolfi@gmail.com,doctor
133466902,Katleen,Longfellow,Katleen.Longfellow@yopmail.com,Katleen.Longfellow@gmail.com,worker
768318290,Isa,Chinua,Isa.Chinua@yopmail.com,Isa.Chinua@gmail.com,police officer
514475651,Jean,Kosey,Jean.Kosey@yopmail.com,Jean.Kosey@gmail.com,police officer
388099057,Mellicent,Noelyn,Mellicent.Noelyn@yopmail.com,Mellicent.Noelyn@gmail.com,police officer
842835224,Marnia,Morrill,Marnia.Morrill@yopmail.com,Marnia.Morrill@gmail.com,developer
589511984,Ofilia,Cornelia,Ofilia.Cornelia@yopmail.com,Ofilia.Cornelia@gmail.com,police officer
34334822,Ellette,Kolnick,Ellette.Kolnick@yopmail.com,Ellette.Kolnick@gmail.com,developer
926086133,Tybie,Bivins,Tybie.Bivins@yopmail.com,Tybie.Bivins@gmail.com,doctor
12194285,Belva,Sibyls,Belva.Sibyls@yopmail.com,Belva.Sibyls@gmail.com,police officer
685957350,Di,Liebermann,Di.Liebermann@yopmail.com,Di.Liebermann@gmail.com,firefighter
443529316,Tera,Grobe,Tera.Grobe@yopmail.com,Tera.Grobe@gmail.com,developer
280471543,Maridel,Charity,Maridel.Charity@yopmail.com,Maridel.Charity@gmail.com,worker
40886713,Daune,Sperling,Daune.Sperling@yopmail.com,Daune.Sperling@gmail.com,developer
509931645,Caritta,Suzetta,Caritta.Suzetta@yopmail.com,Caritta.Suzetta@gmail.com,worker
599485975,Robinia,Cecile,Robinia.Cecile@yopmail.com,Robinia.Cecile@gmail.com,worker
776672644,Concettina,Alice,Concettina.Alice@yopmail.com,Concettina.Alice@gmail.com,worker
333610249,Tera,Raychel,Tera.Raychel@yopmail.com,Tera.Raychel@gmail.com,developer
960277307,Desirae,Bouchard,Desirae.Bouchard@yopmail.com,Desirae.Bouchard@gmail.com,doctor
306544827,Mallory,Rese,Mallory.Rese@yopmail.com,Mallory.Rese@gmail.com,worker
553976245,Kary,Barney,Kary.Barney@yopmail.com,Kary.Barney@gmail.com,developer
585616638,Kayla,Darian,Kayla.Darian@yopmail.com,Kayla.Darian@gmail.com,police officer
501732225,Carree,Thad,Carree.Thad@yopmail.com,Carree.Thad@gmail.com,police officer
127167297,Nariko,Phaidra,Nariko.Phaidra@yopmail.com,Nariko.Phaidra@gmail.com,firefighter
311742004,Emma,Guthrie,Emma.Guthrie@yopmail.com,Emma.Guthrie@gmail.com,police officer
502291504,Lorie,Dorothy,Lorie.Dorothy@yopmail.com,Lorie.Dorothy@gmail.com,doctor
611014962,Selia,Gamaliel,Selia.Gamaliel@yopmail.com,Selia.Gamaliel@gmail.com,developer
694092871,Diena,Odysseus,Diena.Odysseus@yopmail.com,Diena.Odysseus@gmail.com,doctor
282021638,Leanna,Faso,Leanna.Faso@yopmail.com,Leanna.Faso@gmail.com,police officer
848884579,Flo,Harday,Flo.Harday@yopmail.com,Flo.Harday@gmail.com,firefighter
653426918,Rivalee,Berne,Rivalee.Berne@yopmail.com,Rivalee.Berne@gmail.com,firefighter
351901392,Gilda,Sidonius,Gilda.Sidonius@yopmail.com,Gilda.Sidonius@gmail.com,worker
233939201,Randa,Cassius,Randa.Cassius@yopmail.com,Randa.Cassius@gmail.com,doctor
78006284,Jemie,Mathilde,Jemie.Mathilde@yopmail.com,Jemie.Mathilde@gmail.com,firefighter
75932747,Christian,Loeb,Christian.Loeb@yopmail.com,Christian.Loeb@gmail.com,firefighter
573381595,Magdalena,Alexandr,Magdalena.Alexandr@yopmail.com,Magdalena.Alexandr@gmail.com,firefighter
507527822,Jobi,Candy,Jobi.Candy@yopmail.com,Jobi.Candy@gmail.com,doctor
297123943,Nyssa,Concha,Nyssa.Concha@yopmail.com,Nyssa.Concha@gmail.com,doctor
998704529,Talya,Tippets,Talya.Tippets@yopmail.com,Talya.Tippets@gmail.com,police officer
782912542,Linzy,Elvyn,Linzy.Elvyn@yopmail.com,Linzy.Elvyn@gmail.com,police officer
586370538,Cam,Fontana,Cam.Fontana@yopmail.com,Cam.Fontana@gmail.com,developer
381376132,Dagmar,Euridice,Dagmar.Euridice@yopmail.com,Dagmar.Euridice@gmail.com,firefighter
951370812,Dede,Eno,Dede.Eno@yopmail.com,Dede.Eno@gmail.com,doctor
880533061,Ethel,McGrody,Ethel.McGrody@yopmail.com,Ethel.McGrody@gmail.com,firefighter
316599798,Jasmina,Xerxes,Jasmina.Xerxes@yopmail.com,Jasmina.Xerxes@gmail.com,doctor
739100978,Winifred,Nester,Winifred.Nester@yopmail.com,Winifred.Nester@gmail.com,firefighter
463975632,Josephine,Ramona,Josephine.Ramona@yopmail.com,Josephine.Ramona@gmail.com,worker
801454034,Melisent,Garbe,Melisent.Garbe@yopmail.com,Melisent.Garbe@gmail.com,firefighter
30361909,Vere,Therine,Vere.Therine@yopmail.com,Vere.Therine@gmail.com,developer
301524797,Chloris,Vary,Chloris.Vary@yopmail.com,Chloris.Vary@gmail.com,police officer
603999635,Hayley,Read,Hayley.Read@yopmail.com,Hayley.Read@gmail.com,firefighter
795608832,Cissiee,Bethany,Cissiee.Bethany@yopmail.com,Cissiee.Bethany@gmail.com,police officer
470585964,Wilma,Audly,Wilma.Audly@yopmail.com,Wilma.Audly@gmail.com,doctor
471969997,Cathyleen,Swigart,Cathyleen.Swigart@yopmail.com,Cathyleen.Swigart@gmail.com,worker
70388818,Shaine,Tufts,Shaine.Tufts@yopmail.com,Shaine.Tufts@gmail.com,firefighter
460659616,Anica,Latini,Anica.Latini@yopmail.com,Anica.Latini@gmail.com,developer
434545657,Adele,Anyah,Adele.Anyah@yopmail.com,Adele.Anyah@gmail.com,doctor
357630890,Kathy,Garlinda,Kathy.Garlinda@yopmail.com,Kathy.Garlinda@gmail.com,firefighter
213333487,Britte,Gaulin,Britte.Gaulin@yopmail.com,Britte.Gaulin@gmail.com,worker
44755792,Ketti,Sherfield,Ketti.Sherfield@yopmail.com,Ketti.Sherfield@gmail.com,doctor
840358636,Georgetta,Cordi,Georgetta.Cordi@yopmail.com,Georgetta.Cordi@gmail.com,worker
630970977,Amara,Longfellow,Amara.Longfellow@yopmail.com,Amara.Longfellow@gmail.com,firefighter
521862342,Babita,Sekofski,Babita.Sekofski@yopmail.com,Babita.Sekofski@gmail.com,developer
72346239,Zia,Milson,Zia.Milson@yopmail.com,Zia.Milson@gmail.com,police officer
259463967,Madelle,Pandolfi,Madelle.Pandolfi@yopmail.com,Madelle.Pandolfi@gmail.com,firefighter
537015114,Anallese,Talia,Anallese.Talia@yopmail.com,Anallese.Talia@gmail.com,worker
94471732,Riannon,Swigart,Riannon.Swigart@yopmail.com,Riannon.Swigart@gmail.com,police officer
340705387,Claudina,Brittani,Claudina.Brittani@yopmail.com,Claudina.Brittani@gmail.com,developer
427606653,Harrietta,Berne,Harrietta.Berne@yopmail.com,Harrietta.Berne@gmail.com,doctor
629366831,Claudina,McAdams,Claudina.McAdams@yopmail.com,Claudina.McAdams@gmail.com,doctor
393362879,Oona,Wind,Oona.Wind@yopmail.com,Oona.Wind@gmail.com,doctor
833668487,Hettie,Buckler,Hettie.Buckler@yopmail.com,Hettie.Buckler@gmail.com,firefighter
418651088,Sharlene,Arley,Sharlene.Arley@yopmail.com,Sharlene.Arley@gmail.com,developer